"GENDER","Probability"
"M",0.615643397813288
"F",0.384356602186712
